Country,Continent,Photos,iso2c,iso3c,Biocapacity_pp_2019,Footprint_pp_2019,Population_gfn_2019,Sustainable_pop
Afghanistan,Asia,3,AF,AFG,0.57847872813873,0.885011196656737,37769500,24687656
Albania,Europe,4,AL,ALB,1.12443338528905,2.1022756500491,2873880,1537137
Algeria,Africa,3,DZ,DZA,0.702314167790861,2.36740800388773,42705400,12668964
Angola,Africa,3,AO,AGO,1.73857298400585,1.00698333213671,32353600,55859012
Antigua and Barbuda,Americas,3,AG,ATG,0.931721825816355,3.91955336105297,92117,21897
Argentina,Americas,3,AR,ARG,5.47788124696013,3.35462433906159,44745500,73066463
Armenia,Asia,3,AM,ARM,0.784251852175529,2.10213006724754,2820600,1052294
Australia,Oceania,3,AU,AUS,11.4893180770193,6.14244244379144,25357200,47430145
Austria,Europe,3,AT,AUT,2.86907887614235,5.79163202458861,8879940,4398975
Azerbaijan,Asia,4,AZ,AZE,0.94790584861724,2.33586742717013,10232800,4152517
Bahamas,Americas,3,BS,BHS,8.93595577252769,1.63413829103519,404557,2212238
Bahrain,Asia,4,BH,BHR,0.53940619140606,8.07900610475893,1494190,99761
Bangladesh,Asia,5,BD,BGD,0.252668371994094,0.708538519454273,165516000,59023831
Barbados,Americas,3,BB,BRB,0.258100146478259,3.23455466483231,280180,22356
Belarus,Europe,3,BY,BLR,3.43982196745569,4.65302173129992,9673970,7151639
Belgium,Europe,4,BE,BEL,1.21612217334866,7.22226859958551,11510600,1938213
Belize,Americas,5,BZ,BLZ,3.45096172877762,8.10163179424948,389095,165738
Benin,Africa,4,BJ,BEN,0.678991673004639,1.25095629014074,12290400,6670959
Bhutan,Asia,4,BT,BTN,4.92425453655062,4.83065264814312,767459,782329
Bolivia,Americas,4,BO,BOL,13.7457337207949,2.98384461604099,11777300,54254711
Bosnia and Herzegovina,Europe,3,BA,BIH,2.03639342547427,4.1765901123674,3360710,1638592
Botswana,Africa,3,BW,BWA,3.02018254838131,2.19366399850295,2499700,3441525
Brazil,Americas,4,BR,BRA,8.29400118714601,2.600707818855,211783008,675404021
Brunei,Asia,3,BN,BRN,2.68145159003276,5.85634509749875,438048,200569
Bulgaria,Europe,3,BG,BGR,3.29180981331061,3.88831330542115,7052530,5970606
Burkina Faso,Africa,4,BF,BFA,0.769611261540161,0.982287910023119,20951600,16415337
Burundi,Africa,4,BI,BDI,0.386607358367136,0.647273379906178,11874800,7092652
Cabo Verde,Africa,4,CV,CPV,0.447175889417132,1.2800332897901,577030,201583
Cambodia,Asia,4,KH,KHM,1.03154634965028,1.43486976251602,16207700,11651924
Cameroon,Africa,5,CM,CMR,1.54948296801283,1.13632970832337,25782300,35156376
Canada,Americas,3,CA,CAN,14.485122392819,7.88386661750797,37522600,68940721
Central African Republic,Africa,4,CF,CAF,6.8805839488306,1.22476805242887,5209320,29265266
Chad,Africa,4,TD,TCD,1.59607420847451,1.53028267673305,16126900,16820244
Chile,Americas,4,CL,CHL,3.34310442526005,3.99788634439183,19039500,15921172
China,Asia,4,CN,CHN,0.798625519914402,3.51001977647548,1453799936,330779255
Colombia,Americas,4,CO,COL,3.75866978009693,2.17654899776611,50187400,86668328
Comoros,Africa,3,KM,COM,0.357082729695248,1.97357540368512,790986,143114
Costa Rica,Americas,4,CR,CRI,1.63769107456912,2.75790150033529,5084530,3019284
Croatia,Europe,2,HR,HRV,2.48734022449324,3.80665122623947,4129750,2698459
Cuba,Americas,2,CU,CUB,1.16775586460171,2.03069831911447,11316700,6507683
Curacao,Americas,3,CW,CUW,NA,NA,193107,NA
Cyprus,Asia,3,CY,CYP,0.402050582794702,3.64360508232344,1228840,135595
Czech Republic,Europe,3,CZ,CZE,2.42911674660191,5.68381330958549,10536900,4503202
Democratic Republic of the Congo,Africa,4,CD,COD,2.02440712988517,0.749860993109809,89906896,242722535
Denmark,Europe,4,DK,DNK,4.2622801840024,7.30254273655197,5795880,3382885
Djibouti,Africa,4,DJ,DJI,0.651204306138967,2.19795115886121,1073990,318199
Dominica,Americas,3,DM,DMA,1.03034078712024,2.9804364639867,71428,24692
Dominican Republic,Americas,4,DO,DOM,0.701653190490083,1.92684827431238,10881900,3962595
East Timor,Asia,4,TL,TLS,1.674748586532,0.503696460030189,1280440,4257355
Ecuador,Americas,3,EC,ECU,1.917216144526,1.81739005906707,17343700,18296359
Egypt,Africa,3,EG,EGY,0.314185817230384,1.61700097439572,105619000,20521936
El Salvador,Americas,3,SV,SLV,0.614486883633334,2.03539382510368,6280220,1896003
Equatorial Guinea,Africa,3,GQ,GNQ,2.87795229390452,1.633873357823,1553030,2735552
Eritrea,Africa,3,ER,ERI,2.05156634122962,0.786069429900198,3498820,9131586
Estonia,Europe,3,EE,EST,9.78705505737911,7.85516836983,1327040,1653409
Eswatini,Africa,3,SZ,SWZ,1.4022073126067,3.06437666793734,1169610,535193
Ethiopia,Africa,4,ET,ETH,0.478106393092104,0.903793993429684,114121000,60369929
Fiji,Oceania,3,FJ,FJI,2.83279633546205,2.82833969340086,918465,919912
Finland,Europe,4,FI,FIN,11.9282199321804,5.19968972186839,5521540,12666552
France,Europe,3,FR,FRA,2.69216173162071,4.84656126632903,64436800,35793272
French Guiana,Americas,3,GF,GUF,91.8224641093376,1.83538375640806,284072,14211845
Gabon,Africa,3,GA,GAB,18.0370567309403,1.9797637426857,2242780,20433322
Gambia,Africa,3,GM,GMB,0.467000812136897,0.899318229216297,2508880,1302819
Georgia,Asia,3,GE,GEO,1.3604573728798,2.60744914609229,3770810,1967450
Germany,Europe,4,DE,DEU,1.59758774586531,4.715454976299,83148104,28170429
Ghana,Africa,3,GH,GHA,0.95533523740005,1.79822604134233,31522300,16746706
Greece,Europe,3,GR,GRC,1.62824510950447,4.30396386009189,10574000,4000280
Grenada,Americas,4,GD,GRD,1.6055440314444,1.94116267178884,122724,101505
Guatemala,Americas,4,GT,GTM,0.986109690663307,1.93765176083945,17106300,8705737
Guinea,Africa,4,GN,GIN,1.83071981984897,1.63210069117178,12877500,14444632
Guinea Bissau,Africa,3,GW,GNB,2.39771056431124,1.2844937465758,1970460,3678174
Guyana,Americas,4,GY,GUY,71.4414833057213,4.56878414288037,798753,12489996
Haiti,Americas,3,HT,HTI,0.25042525589033,0.613104372701283,11160400,4558515
Honduras,Americas,4,HN,HND,1.75828608869548,1.50161939594318,9958830,11661058
Hungary,Europe,3,HU,HUN,2.57092507568934,3.9745159510284,9771800,6320912
Iceland,Europe,0,IS,ISL,13.8269729409867,24.4148831812053,360774,204318
India,Asia,4,IN,IND,0.355735625056983,1.06902986931989,1383110016,460250475
Indonesia,Asia,4,ID,IDN,1.24690143149264,1.68397727229456,269583008,199612811
Iran,Asia,3,IR,IRN,0.751122732013854,3.16029508564957,86564200,20574135
Iraq,Asia,3,IQ,IRQ,0.319073170727625,1.81671157986931,41563500,7299891
Ireland,Europe,2,IE,IRL,3.28471176697186,4.88320424642216,4896020,3293332
Israel,Asia,3,IL,ISR,0.269749550116054,4.5587808528908,8607920,509342
Italy,Europe,3,IT,ITA,0.941374649611567,4.20432537814517,59762600,13381218
Ivory Coast,Africa,3,CI,CIV,1.19301749511122,0.889232550525418,26147600,35080299
Jamaica,Americas,3,JM,JAM,0.569392849038986,2.10097543677034,2813770,762569
Japan,Asia,3,JP,JPN,0.631133703636935,4.2357589035089,125792000,18743175
Jordan,Asia,2,JO,JOR,0.219113381785477,1.52689655124106,10698700,1535289
Kazakhstan,Asia,5,KZ,KAZ,3.77082757207943,3.7309646929727,18754300,18954677
Kenya,Africa,4,KE,KEN,0.460295756890747,0.944497101149563,50951400,24830900
Kuwait,Asia,3,KW,KWT,0.764056597196618,7.67346004397813,4441100,442206
Kyrgyzstan,Asia,4,KG,KGZ,1.31069961762177,1.67876543598085,6323640,4937195
Laos,Asia,4,LA,LAO,1.65949230945726,1.68400716009451,7212050,7107060
Latvia,Europe,3,LV,LVA,9.33767199893025,7.03104709184385,1916560,2545312
Lebanon,Asia,2,LB,LBN,0.305519041430477,3.21571451821294,5781910,549328
Lesotho,Africa,3,LS,LSO,0.748487068863472,1.34108560005103,2225700,1242208
Liberia,Africa,4,LR,LBR,2.89589225358813,1.20861046124964,4985290,11945008
Libya,Africa,4,LY,LBY,0.796148201372831,3.43321973988483,6569090,1523342
Liechtenstein,Europe,0,LI,LIE,NA,NA,38482,NA
Lithuania,Europe,3,LT,LTU,5.19751807455713,5.93764513585472,2849080,2493942
Luxemborg,Europe,3,LU,LUX,1.29718495710864,12.2646728353189,619973,65572
Madagascar,Africa,4,MG,MDG,2.13038444043135,0.866105221469798,27533100,67723974
Malawi,Africa,3,MW,MWI,0.593775936798884,0.753586156501724,18867300,14866181
Malaysia,Asia,3,MY,MYS,2.14852267785363,4.26434398644889,32804000,16527779
Maldives,Asia,0,MV,MDV,1.0928213167799,6.18403629021539,504508,89154
Mali,Africa,3,ML,MLI,1.50695210477042,1.12417510444518,20567400,27570515
Malta,Europe,4,MT,MLT,0.497141340806896,4.36377909221562,503635,57376
Mauritania,Africa,3,MR,MRT,3.95563012940141,2.39759688398652,4383850,7232612
Mauritius,Africa,3,MU,MUS,0.702461248738758,3.18826822781954,1296280,285605
Mexico,Americas,3,MX,MEX,1.24343191094575,2.52061091727985,125085000,61705152
Moldova,Europe,2,MD,MDA,1.61542426915946,2.20430379599532,3109490,2278790
Monaco,Europe,0,MC,MCO,NA,NA,NA,NA
Mongolia,Asia,4,MN,MNG,14.1986643724871,7.69735020851792,3232430,5962595
Montenegro,Europe,3,ME,MNE,2.83354338467016,4.50974379656193,630396,396087
Morocco,Africa,3,MA,MAR,0.711380101538571,1.70349206598512,36304400,15160756
Mozambique,Africa,4,MZ,MOZ,1.53005798406753,0.793905293543536,30285600,58368075
Myanmar,Asia,3,MM,MMR,1.39632722329095,1.17967264539884,53040200,62781378
Namibia,Africa,3,NA,NAM,6.62330283411943,2.69621518079244,2446640,6010216
Nepal,Asia,3,NP,NPL,0.404358284732729,0.882558999958844,28832500,13210063
Netherlands,Europe,3,NL,NLD,1.13922983564279,6.36474936192183,17388800,3112430
New Zealand,Oceania,3,NZ,NZL,8.79083136006822,5.75340295269476,4959030,7577080
Nicaragua,Americas,3,NI,NIC,2.40144163520524,1.58221704464043,6663920,10114298
Niger,Africa,3,NE,NER,1.12049216244861,1.40821491424869,23443400,18653506
Nigeria,Africa,3,NG,NGA,0.480521621080877,0.850849411078932,203304000,114816989
North Korea,Asia,3,KP,PRK,0.568854441065752,1.19925231165678,25755400,12216840
North Macedonia,Europe,3,MK,MKD,1.51262467334809,2.98467908497291,2114180,1071458
Norway,Europe,3,NO,NOR,6.88700913743,5.32418350447146,5348280,6918178
Oman,Asia,3,OM,OMN,1.64980363783571,6.40165621246604,4602770,1186203
Pakistan,Asia,3,PK,PAK,0.366391423130751,0.705300404732428,223292992,115996866
Panama,Americas,3,PA,PAN,2.72593850007762,2.73867823083497,4232530,4212841
Papua New Guinea,Oceania,3,PG,PNG,3.07104092199075,1.32244587131819,9542490,22159982
Paraguay,Americas,3,PY,PRY,9.73096733574545,2.89817451839955,6530030,21925356
Peru,Americas,3,PE,PER,3.65525738102789,2.34697290185708,32824898,51122639
Philippines,Asia,3,PH,PHL,0.415586503921529,1.2837647950959,110381000,35733067
Poland,Europe,3,PL,POL,1.83961458077089,4.53037294881503,38493600,15630807
Portugal,Europe,3,PT,PRT,1.52410871418294,4.18494410185414,10289900,3747463
Qatar,Asia,3,QA,QAT,0.9815502098029,11.989839105955,2807240,229815
Republic of the Congo,Africa,4,CG,COG,8.39118511281902,1.14111008442357,5570730,40964519
Romania,Europe,4,RO,ROU,2.93521504036341,3.329297015461,19524200,17213160
Russia,Europe,3,RU,RUS,7.54571131790043,5.81653698090939,145742000,189069039
Rwanda,Africa,3,RW,RWA,0.270502426496095,0.605250966591327,12835000,5736295
Sao Tome and Principe,Africa,0,ST,STP,0.752873181327757,0.941625187301923,214599,171581
Saudi Arabia,Asia,3,SA,SAU,0.702120799747065,5.75059109274925,35827400,4374361
Senegal,Africa,3,SN,SEN,1.02428101971343,1.28455069473554,16000800,12758792
Serbia,Europe,3,RS,SRB,1.91285218843482,3.60398309709664,7401060,3928190
Seychelles,Africa,0,SC,SYC,12.2448786772508,12.3083853678718,104373,103834
Sierra Leone,Africa,3,SL,SLE,0.857354798383207,0.986842925377903,8046830,6990969
Singapore,Asia,3,SG,SGP,0.109090009321637,6.79578334521632,5866400,94170
Slovakia,Europe,2,SK,SVK,2.63794344803317,4.55386984976873,5453920,3159320
Slovenia,Europe,4,SI,SVN,2.44100619428914,5.22726790960009,2112900,986672
Solomon Islands,Oceania,3,SB,SLB,3.58482688490559,1.67187024829938,674993,1447321
Somalia,Africa,3,SO,SOM,0.784727149747548,0.973685028756556,15981300,12879894
South Africa,Africa,3,ZA,ZAF,1.21712695634825,3.36647352340929,58087100,21001019
South Korea,Asia,3,KR,KOR,0.656422134253368,5.97557300275045,51803800,5690694
South Sudan,Africa,0,SS,SSD,1.85592915361426,1.7264447273453,10447700,11231283
Spain,Europe,3,ES,ESP,1.47229649807971,4.02649694784151,47131400,17233688
Sri Lanka,Asia,3,LK,LKA,0.374424238615723,1.24384244377073,21649700,6517041
Saint Vincent and the Grenadines,Americas,3,VC,VCT,1.14712789742618,2.19317849907134,104924,54879
Saint Kitts and Nevis,Americas,0,KN,KNA,0.854141964064585,16.2572029836429,47712,2506
Saint Lucia,Americas,3,LC,LCA,0.38389320071175,1.940118459556,178583,35336
Sudan,Africa,3,SD,SDN,1.21703223059991,1.23314254719896,43232100,42667296
Suriname,Americas,4,SR,SUR,77.0407954777702,3.4117329951533,600301,13555476
Sweden,Europe,3,SE,SWE,8.77805713751716,5.54597747274543,10267900,16251817
Switzerland,Europe,3,CH,CHE,1.13322398331303,3.98028671175665,8575590,2441548
Syria,Asia,3,SY,SYR,0.697121896459207,1.30772034619346,20098300,10714037
Taiwan,Asia,0,TW,TWN,NA,NA,NA,NA
Tajikistan,Asia,3,TJ,TJK,0.481854369562219,1.03268284894019,9337000,4356685
Tanzania,Africa,3,TZ,TZA,0.878508041889295,1.01944218731686,59872600,51595432
Thailand,Asia,3,TH,THA,1.22598373307366,2.41775058349273,71307800,36158486
Togo,Africa,3,TG,TGO,0.591551380701485,0.902291526727573,8243090,5404252
Trinidad and Tobago,Americas,3,TT,TTO,1.38876567401314,6.08680455832713,1519950,346791
Tunisia,Africa,3,TN,TUN,0.825017431039353,1.83574536258626,12049300,5415175
Turkey,Asia,3,TR,TUR,1.47836381708728,3.28425918026834,83481704,37578133
Turkmenistan,Asia,3,TM,TKM,2.2591482731598,4.14910583226651,6158420,3353200
Uganda,Africa,3,UG,UGA,0.520922817060962,1.10522942222573,42949100,20243006
Ukraine,Europe,3,UA,UKR,3.01557949211914,2.7967071312366,44211100,47671093
United Arab Emirates,Asia,3,AE,ARE,0.5582430411971351,8.872793246412353,9211660,579563
United Kingdom,Europe,3,GB,GBR,1.1420822665641,3.87387407229892,66778704,19687468
United States of America,Americas,3,US,USA,3.72244913906655,7.77618237303023,334320000,160038581
Uruguay,Americas,3,UY,URY,9.74473233810019,2.02911088130463,3428410,16464816
Uzbekistan,Asia,3,UZ,UZB,0.767062308991962,2.11585749553262,32976898,11955122
Venezuela,Americas,3,VE,VEN,2.87164530346488,2.15775986225803,28971700,38556860
Vietnam,Asia,3,VN,VNM,0.809128250991822,2.34447633476812,95776704,33054561
Yemen,Asia,3,YE,YEM,0.37186390380069,0.634719871451676,31546700,18482293
Zambia,Africa,3,ZM,ZMB,1.81635940587247,1.31976317455516,18380500,25296655
Zimbabwe,Africa,3,ZW,ZWE,0.701362274391139,1.08658345354272,15354600,9911007
